{
    "classification_report": {
        "cats": {
            "precision": 0.997907949790795,
            "recall": 0.99375,
            "f1-score": 0.9958246346555324,
            "support": 480.0
        },
        "dogs": {
            "precision": 0.997,
            "recall": 0.998997995991984,
            "f1-score": 0.997997997997998,
            "support": 998.0
        },
        "accuracy": 0.9972936400541272,
        "macro avg": {
            "precision": 0.9974539748953974,
            "recall": 0.996373997995992,
            "f1-score": 0.9969113163267652,
            "support": 1478.0
        },
        "weighted avg": {
            "precision": 0.9972948686736005,
            "recall": 0.9972936400541272,
            "f1-score": 0.9972921695782528,
            "support": 1478.0
        }
    },
    "confusion_matrix": [
        [
            477,
            3
        ],
        [
            1,
            997
        ]
    ]
}