{
    "classification_report": {
        "cats": {
            "precision": 0.9875518672199171,
            "recall": 0.9916666666666667,
            "f1-score": 0.9896049896049897,
            "support": 480.0
        },
        "dogs": {
            "precision": 0.9959839357429718,
            "recall": 0.9939879759519038,
            "f1-score": 0.9949849548645938,
            "support": 998.0
        },
        "accuracy": 0.993234100135318,
        "macro avg": {
            "precision": 0.9917679014814444,
            "recall": 0.9928273213092853,
            "f1-score": 0.9922949722347918,
            "support": 1478.0
        },
        "weighted avg": {
            "precision": 0.9932455102415737,
            "recall": 0.993234100135318,
            "f1-score": 0.9932377401659402,
            "support": 1478.0
        }
    },
    "confusion_matrix": [
        [
            476,
            4
        ],
        [
            6,
            992
        ]
    ]
}